url,http_code,effective_url,body_sha256,is_index,note
https://poki2.online/,200,https://poki2.online/,61dc07fc89fa7331a9f6d54bf777d8d95b2efbde18bc2e8fcba1dbcc76ee5a52,False,ok
https://poki2.online/about.html,200,https://poki2.online/about,61dc07fc89fa7331a9f6d54bf777d8d95b2efbde18bc2e8fcba1dbcc76ee5a52,False,ok
https://poki2.online/contact.html,200,https://poki2.online/contact,61dc07fc89fa7331a9f6d54bf777d8d95b2efbde18bc2e8fcba1dbcc76ee5a52,False,ok
https://poki2.online/privacy.html,200,https://poki2.online/privacy,61dc07fc89fa7331a9f6d54bf777d8d95b2efbde18bc2e8fcba1dbcc76ee5a52,False,ok
https://poki2.online/terms.html,200,https://poki2.online/terms,61dc07fc89fa7331a9f6d54bf777d8d95b2efbde18bc2e8fcba1dbcc76ee5a52,False,ok
https://poki2.online/dmca.html,200,https://poki2.online/dmca,61dc07fc89fa7331a9f6d54bf777d8d95b2efbde18bc2e8fcba1dbcc76ee5a52,False,ok
https://poki2.online/#action,200,https://poki2.online/#action,61dc07fc89fa7331a9f6d54bf777d8d95b2efbde18bc2e8fcba1dbcc76ee5a52,False,ok
https://poki2.online/#puzzle,200,https://poki2.online/#puzzle,61dc07fc89fa7331a9f6d54bf777d8d95b2efbde18bc2e8fcba1dbcc76ee5a52,False,ok
https://poki2.online/#racing,200,https://poki2.online/#racing,61dc07fc89fa7331a9f6d54bf777d8d95b2efbde18bc2e8fcba1dbcc76ee5a52,False,ok
https://poki2.online/#shooting,200,https://poki2.online/#shooting,61dc07fc89fa7331a9f6d54bf777d8d95b2efbde18bc2e8fcba1dbcc76ee5a52,False,ok
https://poki2.online/#sports,200,https://poki2.online/#sports,61dc07fc89fa7331a9f6d54bf777d8d95b2efbde18bc2e8fcba1dbcc76ee5a52,False,ok
https://poki2.online/#competitive,200,https://poki2.online/#competitive,61dc07fc89fa7331a9f6d54bf777d8d95b2efbde18bc2e8fcba1dbcc76ee5a52,False,ok
https://poki2.online/#strategy,200,https://poki2.online/#strategy,61dc07fc89fa7331a9f6d54bf777d8d95b2efbde18bc2e8fcba1dbcc76ee5a52,False,ok
https://poki2.online/#idle,200,https://poki2.online/#idle,61dc07fc89fa7331a9f6d54bf777d8d95b2efbde18bc2e8fcba1dbcc76ee5a52,False,ok
https://poki2.online/#other,200,https://poki2.online/#other,61dc07fc89fa7331a9f6d54bf777d8d95b2efbde18bc2e8fcba1dbcc76ee5a52,False,ok
https://poki2.online/games/2048/,200,https://poki2.online/games/2048/,61dc07fc89fa7331a9f6d54bf777d8d95b2efbde18bc2e8fcba1dbcc76ee5a52,False,ok
https://poki2.online/games/among-us/,200,https://poki2.online/games/among-us/,61dc07fc89fa7331a9f6d54bf777d8d95b2efbde18bc2e8fcba1dbcc76ee5a52,False,ok
https://poki2.online/games/basketball-stars/,200,https://poki2.online/games/basketball-stars/,61dc07fc89fa7331a9f6d54bf777d8d95b2efbde18bc2e8fcba1dbcc76ee5a52,False,ok
https://poki2.online/games/battleforgondor/,200,https://poki2.online/games/battleforgondor/,61dc07fc89fa7331a9f6d54bf777d8d95b2efbde18bc2e8fcba1dbcc76ee5a52,False,ok
https://poki2.online/games/bigredbutton/,200,https://poki2.online/games/bigredbutton/,61dc07fc89fa7331a9f6d54bf777d8d95b2efbde18bc2e8fcba1dbcc76ee5a52,False,ok
https://poki2.online/games/zcj2/,200,https://poki2.online/games/zcj2/,61dc07fc89fa7331a9f6d54bf777d8d95b2efbde18bc2e8fcba1dbcc76ee5a52,False,ok
https://poki2.online/games/zombiescantjump/,200,https://poki2.online/games/zombiescantjump/,61dc07fc89fa7331a9f6d54bf777d8d95b2efbde18bc2e8fcba1dbcc76ee5a52,False,ok
https://poki2.online/games/runneryodas/,200,https://poki2.online/games/runneryodas/,61dc07fc89fa7331a9f6d54bf777d8d95b2efbde18bc2e8fcba1dbcc76ee5a52,False,ok
https://poki2.online/games/cubeninja/,200,https://poki2.online/games/cubeninja/,61dc07fc89fa7331a9f6d54bf777d8d95b2efbde18bc2e8fcba1dbcc76ee5a52,False,ok
https://poki2.online/games/battleday/,200,https://poki2.online/games/battleday/,61dc07fc89fa7331a9f6d54bf777d8d95b2efbde18bc2e8fcba1dbcc76ee5a52,False,ok
https://poki2.online/games/crkarmax/,200,https://poki2.online/games/crkarmax/,61dc07fc89fa7331a9f6d54bf777d8d95b2efbde18bc2e8fcba1dbcc76ee5a52,False,ok
https://poki2.online/games/dronewars/,200,https://poki2.online/games/dronewars/,61dc07fc89fa7331a9f6d54bf777d8d95b2efbde18bc2e8fcba1dbcc76ee5a52,False,ok
https://poki2.online/games/luxahoy/,200,https://poki2.online/games/luxahoy/,61dc07fc89fa7331a9f6d54bf777d8d95b2efbde18bc2e8fcba1dbcc76ee5a52,False,ok
https://poki2.online/games/sambogart/,200,https://poki2.online/games/sambogart/,61dc07fc89fa7331a9f6d54bf777d8d95b2efbde18bc2e8fcba1dbcc76ee5a52,False,ok
https://poki2.online/games/ninjakidvszb/,200,https://poki2.online/games/ninjakidvszb/,61dc07fc89fa7331a9f6d54bf777d8d95b2efbde18bc2e8fcba1dbcc76ee5a52,False,ok
https://poki2.online/games/spacecowboy/,200,https://poki2.online/games/spacecowboy/,61dc07fc89fa7331a9f6d54bf777d8d95b2efbde18bc2e8fcba1dbcc76ee5a52,False,ok
https://poki2.online/games/silverarrow/,200,https://poki2.online/games/silverarrow/,61dc07fc89fa7331a9f6d54bf777d8d95b2efbde18bc2e8fcba1dbcc76ee5a52,False,ok
https://poki2.online/games/ninjablade/,200,https://poki2.online/games/ninjablade/,61dc07fc89fa7331a9f6d54bf777d8d95b2efbde18bc2e8fcba1dbcc76ee5a52,False,ok
https://poki2.online/games/blackknight/,200,https://poki2.online/games/blackknight/,61dc07fc89fa7331a9f6d54bf777d8d95b2efbde18bc2e8fcba1dbcc76ee5a52,False,ok
https://poki2.online/games/breakingthebank/,200,https://poki2.online/games/breakingthebank/,61dc07fc89fa7331a9f6d54bf777d8d95b2efbde18bc2e8fcba1dbcc76ee5a52,False,ok
https://poki2.online/games/btts/,200,https://poki2.online/games/btts/,61dc07fc89fa7331a9f6d54bf777d8d95b2efbde18bc2e8fcba1dbcc76ee5a52,False,ok
https://poki2.online/games/cannon-basketball-4/,200,https://poki2.online/games/cannon-basketball-4/,61dc07fc89fa7331a9f6d54bf777d8d95b2efbde18bc2e8fcba1dbcc76ee5a52,False,ok
https://poki2.online/games/cell-machine/,200,https://poki2.online/games/cell-machine/,61dc07fc89fa7331a9f6d54bf777d8d95b2efbde18bc2e8fcba1dbcc76ee5a52,False,ok
https://poki2.online/games/chrome-dino/,200,https://poki2.online/games/chrome-dino/,61dc07fc89fa7331a9f6d54bf777d8d95b2efbde18bc2e8fcba1dbcc76ee5a52,False,ok
https://poki2.online/games/circlo/,200,https://poki2.online/games/circlo/,61dc07fc89fa7331a9f6d54bf777d8d95b2efbde18bc2e8fcba1dbcc76ee5a52,False,ok
https://poki2.online/games/connect3/,200,https://poki2.online/games/connect3/,61dc07fc89fa7331a9f6d54bf777d8d95b2efbde18bc2e8fcba1dbcc76ee5a52,False,ok
https://poki2.online/games/craftmine/,200,https://poki2.online/games/craftmine/,61dc07fc89fa7331a9f6d54bf777d8d95b2efbde18bc2e8fcba1dbcc76ee5a52,False,ok
https://poki2.online/games/csgo-clicker/,200,https://poki2.online/games/csgo-clicker/,61dc07fc89fa7331a9f6d54bf777d8d95b2efbde18bc2e8fcba1dbcc76ee5a52,False,ok
https://poki2.online/games/ctr/,200,https://poki2.online/games/ctr/,61dc07fc89fa7331a9f6d54bf777d8d95b2efbde18bc2e8fcba1dbcc76ee5a52,False,ok
https://poki2.online/games/ctr-holiday/,200,https://poki2.online/games/ctr-holiday/,61dc07fc89fa7331a9f6d54bf777d8d95b2efbde18bc2e8fcba1dbcc76ee5a52,False,ok
https://poki2.online/games/ctr-tr/,200,https://poki2.online/games/ctr-tr/,61dc07fc89fa7331a9f6d54bf777d8d95b2efbde18bc2e8fcba1dbcc76ee5a52,False,ok
https://poki2.online/games/cupcake2048/,200,https://poki2.online/games/cupcake2048/,61dc07fc89fa7331a9f6d54bf777d8d95b2efbde18bc2e8fcba1dbcc76ee5a52,False,ok
https://poki2.online/games/deal-or-no-deal/,200,https://poki2.online/games/deal-or-no-deal/,61dc07fc89fa7331a9f6d54bf777d8d95b2efbde18bc2e8fcba1dbcc76ee5a52,False,ok
https://poki2.online/games/death-run-3d/,200,https://poki2.online/games/death-run-3d/,61dc07fc89fa7331a9f6d54bf777d8d95b2efbde18bc2e8fcba1dbcc76ee5a52,False,ok
https://poki2.online/games/defend-the-tank/,200,https://poki2.online/games/defend-the-tank/,61dc07fc89fa7331a9f6d54bf777d8d95b2efbde18bc2e8fcba1dbcc76ee5a52,False,ok
https://poki2.online/games/doge2048/,200,https://poki2.online/games/doge2048/,61dc07fc89fa7331a9f6d54bf777d8d95b2efbde18bc2e8fcba1dbcc76ee5a52,False,ok
https://poki2.online/games/DogeMiner/,200,https://poki2.online/games/DogeMiner/,61dc07fc89fa7331a9f6d54bf777d8d95b2efbde18bc2e8fcba1dbcc76ee5a52,False,ok
https://poki2.online/games/doodle-jump/,200,https://poki2.online/games/doodle-jump/,61dc07fc89fa7331a9f6d54bf777d8d95b2efbde18bc2e8fcba1dbcc76ee5a52,False,ok
https://poki2.online/games/draw-the-hill/,200,https://poki2.online/games/draw-the-hill/,61dc07fc89fa7331a9f6d54bf777d8d95b2efbde18bc2e8fcba1dbcc76ee5a52,False,ok
https://poki2.online/games/edgenotfound/,200,https://poki2.online/games/edgenotfound/,61dc07fc89fa7331a9f6d54bf777d8d95b2efbde18bc2e8fcba1dbcc76ee5a52,False,ok
https://poki2.online/games/endlesswar3/,200,https://poki2.online/games/endlesswar3/,61dc07fc89fa7331a9f6d54bf777d8d95b2efbde18bc2e8fcba1dbcc76ee5a52,False,ok
https://poki2.online/games/evil-glitch/,200,https://poki2.online/games/evil-glitch/,61dc07fc89fa7331a9f6d54bf777d8d95b2efbde18bc2e8fcba1dbcc76ee5a52,False,ok
https://poki2.online/games/flappy-bird/,200,https://poki2.online/games/flappy-bird/,61dc07fc89fa7331a9f6d54bf777d8d95b2efbde18bc2e8fcba1dbcc76ee5a52,False,ok
https://poki2.online/games/geodash/,200,https://poki2.online/games/geodash/,61dc07fc89fa7331a9f6d54bf777d8d95b2efbde18bc2e8fcba1dbcc76ee5a52,False,ok
https://poki2.online/games/getaway-shootout/,200,https://poki2.online/games/getaway-shootout/,61dc07fc89fa7331a9f6d54bf777d8d95b2efbde18bc2e8fcba1dbcc76ee5a52,False,ok
https://poki2.online/games/gimme-the-airpod/,200,https://poki2.online/games/gimme-the-airpod/,61dc07fc89fa7331a9f6d54bf777d8d95b2efbde18bc2e8fcba1dbcc76ee5a52,False,ok
https://poki2.online/games/grindcraft/,200,https://poki2.online/games/grindcraft/,61dc07fc89fa7331a9f6d54bf777d8d95b2efbde18bc2e8fcba1dbcc76ee5a52,False,ok
https://poki2.online/games/impossiblequiz/,200,https://poki2.online/games/impossiblequiz/,61dc07fc89fa7331a9f6d54bf777d8d95b2efbde18bc2e8fcba1dbcc76ee5a52,False,ok
https://poki2.online/games/interactivebuddy/,200,https://poki2.online/games/interactivebuddy/,61dc07fc89fa7331a9f6d54bf777d8d95b2efbde18bc2e8fcba1dbcc76ee5a52,False,ok
https://poki2.online/games/just-one-boss/,200,https://poki2.online/games/just-one-boss/,61dc07fc89fa7331a9f6d54bf777d8d95b2efbde18bc2e8fcba1dbcc76ee5a52,False,ok
https://poki2.online/games/kittencannon/,200,https://poki2.online/games/kittencannon/,61dc07fc89fa7331a9f6d54bf777d8d95b2efbde18bc2e8fcba1dbcc76ee5a52,False,ok
https://poki2.online/games/krunker/,200,https://poki2.online/games/krunker/,61dc07fc89fa7331a9f6d54bf777d8d95b2efbde18bc2e8fcba1dbcc76ee5a52,False,ok
https://poki2.online/games/meme2048/,200,https://poki2.online/games/meme2048/,61dc07fc89fa7331a9f6d54bf777d8d95b2efbde18bc2e8fcba1dbcc76ee5a52,False,ok
https://poki2.online/games/minecraft/,200,https://poki2.online/games/minecraft/,61dc07fc89fa7331a9f6d54bf777d8d95b2efbde18bc2e8fcba1dbcc76ee5a52,False,ok
https://poki2.online/games/minesweeper/,200,https://poki2.online/games/minesweeper/,61dc07fc89fa7331a9f6d54bf777d8d95b2efbde18bc2e8fcba1dbcc76ee5a52,False,ok
https://poki2.online/games/miniputt/,200,https://poki2.online/games/miniputt/,61dc07fc89fa7331a9f6d54bf777d8d95b2efbde18bc2e8fcba1dbcc76ee5a52,False,ok
https://poki2.online/games/missiles/,200,https://poki2.online/games/missiles/,61dc07fc89fa7331a9f6d54bf777d8d95b2efbde18bc2e8fcba1dbcc76ee5a52,False,ok
https://poki2.online/games/motox3m/,200,https://poki2.online/games/motox3m/,61dc07fc89fa7331a9f6d54bf777d8d95b2efbde18bc2e8fcba1dbcc76ee5a52,False,ok
https://poki2.online/games/motox3m-pool/,200,https://poki2.online/games/motox3m-pool/,61dc07fc89fa7331a9f6d54bf777d8d95b2efbde18bc2e8fcba1dbcc76ee5a52,False,ok
https://poki2.online/games/motox3m-spooky/,200,https://poki2.online/games/motox3m-spooky/,61dc07fc89fa7331a9f6d54bf777d8d95b2efbde18bc2e8fcba1dbcc76ee5a52,False,ok
https://poki2.online/games/motox3m-winter/,200,https://poki2.online/games/motox3m-winter/,61dc07fc89fa7331a9f6d54bf777d8d95b2efbde18bc2e8fcba1dbcc76ee5a52,False,ok
https://poki2.online/games/n-gon/,200,https://poki2.online/games/n-gon/,61dc07fc89fa7331a9f6d54bf777d8d95b2efbde18bc2e8fcba1dbcc76ee5a52,False,ok
https://poki2.online/games/ns-shaft/,200,https://poki2.online/games/ns-shaft/,61dc07fc89fa7331a9f6d54bf777d8d95b2efbde18bc2e8fcba1dbcc76ee5a52,False,ok
https://poki2.online/games/om-bounce/,200,https://poki2.online/games/om-bounce/,61dc07fc89fa7331a9f6d54bf777d8d95b2efbde18bc2e8fcba1dbcc76ee5a52,False,ok
https://poki2.online/games/paperio2/,200,https://poki2.online/games/paperio2/,61dc07fc89fa7331a9f6d54bf777d8d95b2efbde18bc2e8fcba1dbcc76ee5a52,False,ok
https://poki2.online/games/papery-planes/,200,https://poki2.online/games/papery-planes/,61dc07fc89fa7331a9f6d54bf777d8d95b2efbde18bc2e8fcba1dbcc76ee5a52,False,ok
https://poki2.online/games/push-the-square/,200,https://poki2.online/games/push-the-square/,61dc07fc89fa7331a9f6d54bf777d8d95b2efbde18bc2e8fcba1dbcc76ee5a52,False,ok
https://poki2.online/games/rolly-vortex/,200,https://poki2.online/games/rolly-vortex/,61dc07fc89fa7331a9f6d54bf777d8d95b2efbde18bc2e8fcba1dbcc76ee5a52,False,ok
https://poki2.online/games/snowbattle/,200,https://poki2.online/games/snowbattle/,61dc07fc89fa7331a9f6d54bf777d8d95b2efbde18bc2e8fcba1dbcc76ee5a52,False,ok
https://poki2.online/games/soldier-legend/,200,https://poki2.online/games/soldier-legend/,61dc07fc89fa7331a9f6d54bf777d8d95b2efbde18bc2e8fcba1dbcc76ee5a52,False,ok
https://poki2.online/games/solitaire/,200,https://poki2.online/games/solitaire/,61dc07fc89fa7331a9f6d54bf777d8d95b2efbde18bc2e8fcba1dbcc76ee5a52,False,ok
https://poki2.online/games/stack/,200,https://poki2.online/games/stack/,61dc07fc89fa7331a9f6d54bf777d8d95b2efbde18bc2e8fcba1dbcc76ee5a52,False,ok
https://poki2.online/games/stealingthediamond/,200,https://poki2.online/games/stealingthediamond/,61dc07fc89fa7331a9f6d54bf777d8d95b2efbde18bc2e8fcba1dbcc76ee5a52,False,ok
https://poki2.online/games/stickwar/,200,https://poki2.online/games/stickwar/,61dc07fc89fa7331a9f6d54bf777d8d95b2efbde18bc2e8fcba1dbcc76ee5a52,False,ok
https://poki2.online/games/stormthehouse2/,200,https://poki2.online/games/stormthehouse2/,61dc07fc89fa7331a9f6d54bf777d8d95b2efbde18bc2e8fcba1dbcc76ee5a52,False,ok
https://poki2.online/games/superhot/,200,https://poki2.online/games/superhot/,61dc07fc89fa7331a9f6d54bf777d8d95b2efbde18bc2e8fcba1dbcc76ee5a52,False,ok
https://poki2.online/games/swerve/,200,https://poki2.online/games/swerve/,61dc07fc89fa7331a9f6d54bf777d8d95b2efbde18bc2e8fcba1dbcc76ee5a52,False,ok
https://poki2.online/games/temple-run-2/,200,https://poki2.online/games/temple-run-2/,61dc07fc89fa7331a9f6d54bf777d8d95b2efbde18bc2e8fcba1dbcc76ee5a52,False,ok
https://poki2.online/games/thebattle/,200,https://poki2.online/games/thebattle/,61dc07fc89fa7331a9f6d54bf777d8d95b2efbde18bc2e8fcba1dbcc76ee5a52,False,ok
https://poki2.online/games/the-final-earth/,200,https://poki2.online/games/the-final-earth/,61dc07fc89fa7331a9f6d54bf777d8d95b2efbde18bc2e8fcba1dbcc76ee5a52,False,ok
https://poki2.online/games/theheist/,200,https://poki2.online/games/theheist/,61dc07fc89fa7331a9f6d54bf777d8d95b2efbde18bc2e8fcba1dbcc76ee5a52,False,ok
https://poki2.online/games/there-is-no-game/,200,https://poki2.online/games/there-is-no-game/,61dc07fc89fa7331a9f6d54bf777d8d95b2efbde18bc2e8fcba1dbcc76ee5a52,False,ok
https://poki2.online/games/thisistheonlylevel/,200,https://poki2.online/games/thisistheonlylevel/,61dc07fc89fa7331a9f6d54bf777d8d95b2efbde18bc2e8fcba1dbcc76ee5a52,False,ok
https://poki2.online/games/tosstheturtle/,200,https://poki2.online/games/tosstheturtle/,61dc07fc89fa7331a9f6d54bf777d8d95b2efbde18bc2e8fcba1dbcc76ee5a52,False,ok
https://poki2.online/games/tube-jumpers/,200,https://poki2.online/games/tube-jumpers/,61dc07fc89fa7331a9f6d54bf777d8d95b2efbde18bc2e8fcba1dbcc76ee5a52,False,ok
https://poki2.online/games/vex3/,200,https://poki2.online/games/vex3/,61dc07fc89fa7331a9f6d54bf777d8d95b2efbde18bc2e8fcba1dbcc76ee5a52,False,ok
https://poki2.online/games/vex4/,200,https://poki2.online/games/vex4/,61dc07fc89fa7331a9f6d54bf777d8d95b2efbde18bc2e8fcba1dbcc76ee5a52,False,ok
https://poki2.online/games/vex5/,200,https://poki2.online/games/vex5/,61dc07fc89fa7331a9f6d54bf777d8d95b2efbde18bc2e8fcba1dbcc76ee5a52,False,ok
https://poki2.online/games/vex6/,200,https://poki2.online/games/vex6/,61dc07fc89fa7331a9f6d54bf777d8d95b2efbde18bc2e8fcba1dbcc76ee5a52,False,ok
https://poki2.online/games/wordle/,200,https://poki2.online/games/wordle/,61dc07fc89fa7331a9f6d54bf777d8d95b2efbde18bc2e8fcba1dbcc76ee5a52,False,ok
https://poki2.online/games/trashndash/,200,https://poki2.online/games/trashndash/,61dc07fc89fa7331a9f6d54bf777d8d95b2efbde18bc2e8fcba1dbcc76ee5a52,False,ok
https://poki2.online/games/balanceball/,200,https://poki2.online/games/balanceball/,61dc07fc89fa7331a9f6d54bf777d8d95b2efbde18bc2e8fcba1dbcc76ee5a52,False,ok
https://poki2.online/games/bdot/,200,https://poki2.online/games/bdot/,61dc07fc89fa7331a9f6d54bf777d8d95b2efbde18bc2e8fcba1dbcc76ee5a52,False,ok
https://poki2.online/games/blackbats/,200,https://poki2.online/games/blackbats/,61dc07fc89fa7331a9f6d54bf777d8d95b2efbde18bc2e8fcba1dbcc76ee5a52,False,ok
https://poki2.online/games/bloxslider/,200,https://poki2.online/games/bloxslider/,61dc07fc89fa7331a9f6d54bf777d8d95b2efbde18bc2e8fcba1dbcc76ee5a52,False,ok
https://poki2.online/games/bottomtight/,200,https://poki2.online/games/bottomtight/,61dc07fc89fa7331a9f6d54bf777d8d95b2efbde18bc2e8fcba1dbcc76ee5a52,False,ok
https://poki2.online/games/bravebird/,200,https://poki2.online/games/bravebird/,61dc07fc89fa7331a9f6d54bf777d8d95b2efbde18bc2e8fcba1dbcc76ee5a52,False,ok
https://poki2.online/games/brokenhorn/,200,https://poki2.online/games/brokenhorn/,61dc07fc89fa7331a9f6d54bf777d8d95b2efbde18bc2e8fcba1dbcc76ee5a52,False,ok
https://poki2.online/games/bubblecn/,200,https://poki2.online/games/bubblecn/,61dc07fc89fa7331a9f6d54bf777d8d95b2efbde18bc2e8fcba1dbcc76ee5a52,False,ok
https://poki2.online/games/bubblefish/,200,https://poki2.online/games/bubblefish/,61dc07fc89fa7331a9f6d54bf777d8d95b2efbde18bc2e8fcba1dbcc76ee5a52,False,ok
https://poki2.online/games/candyfusion/,200,https://poki2.online/games/candyfusion/,61dc07fc89fa7331a9f6d54bf777d8d95b2efbde18bc2e8fcba1dbcc76ee5a52,False,ok
https://poki2.online/games/captainroger/,200,https://poki2.online/games/captainroger/,61dc07fc89fa7331a9f6d54bf777d8d95b2efbde18bc2e8fcba1dbcc76ee5a52,False,ok
https://poki2.online/games/captainwar/,200,https://poki2.online/games/captainwar/,61dc07fc89fa7331a9f6d54bf777d8d95b2efbde18bc2e8fcba1dbcc76ee5a52,False,ok
https://poki2.online/games/catonfire/,200,https://poki2.online/games/catonfire/,61dc07fc89fa7331a9f6d54bf777d8d95b2efbde18bc2e8fcba1dbcc76ee5a52,False,ok
https://poki2.online/games/cavejumper/,200,https://poki2.online/games/cavejumper/,61dc07fc89fa7331a9f6d54bf777d8d95b2efbde18bc2e8fcba1dbcc76ee5a52,False,ok
https://poki2.online/games/cboxes/,200,https://poki2.online/games/cboxes/,61dc07fc89fa7331a9f6d54bf777d8d95b2efbde18bc2e8fcba1dbcc76ee5a52,False,ok
https://poki2.online/games/cheeselab/,200,https://poki2.online/games/cheeselab/,61dc07fc89fa7331a9f6d54bf777d8d95b2efbde18bc2e8fcba1dbcc76ee5a52,False,ok
https://poki2.online/games/chipman/,200,https://poki2.online/games/chipman/,61dc07fc89fa7331a9f6d54bf777d8d95b2efbde18bc2e8fcba1dbcc76ee5a52,False,ok
https://poki2.online/games/christmasballs/,200,https://poki2.online/games/christmasballs/,61dc07fc89fa7331a9f6d54bf777d8d95b2efbde18bc2e8fcba1dbcc76ee5a52,False,ok
https://poki2.online/games/circleball/,200,https://poki2.online/games/circleball/,61dc07fc89fa7331a9f6d54bf777d8d95b2efbde18bc2e8fcba1dbcc76ee5a52,False,ok
https://poki2.online/games/circlepong/,200,https://poki2.online/games/circlepong/,61dc07fc89fa7331a9f6d54bf777d8d95b2efbde18bc2e8fcba1dbcc76ee5a52,False,ok
https://poki2.online/games/circletris/,200,https://poki2.online/games/circletris/,61dc07fc89fa7331a9f6d54bf777d8d95b2efbde18bc2e8fcba1dbcc76ee5a52,False,ok
https://poki2.online/games/cninjas/,200,https://poki2.online/games/cninjas/,61dc07fc89fa7331a9f6d54bf777d8d95b2efbde18bc2e8fcba1dbcc76ee5a52,False,ok
https://poki2.online/games/cowboyrun/,200,https://poki2.online/games/cowboyrun/,61dc07fc89fa7331a9f6d54bf777d8d95b2efbde18bc2e8fcba1dbcc76ee5a52,False,ok
https://poki2.online/games/cowboyshot/,200,https://poki2.online/games/cowboyshot/,61dc07fc89fa7331a9f6d54bf777d8d95b2efbde18bc2e8fcba1dbcc76ee5a52,False,ok
https://poki2.online/games/craigenstone/,200,https://poki2.online/games/craigenstone/,61dc07fc89fa7331a9f6d54bf777d8d95b2efbde18bc2e8fcba1dbcc76ee5a52,False,ok
https://poki2.online/games/dangerous/,200,https://poki2.online/games/dangerous/,61dc07fc89fa7331a9f6d54bf777d8d95b2efbde18bc2e8fcba1dbcc76ee5a52,False,ok
https://poki2.online/games/darkninja/,200,https://poki2.online/games/darkninja/,61dc07fc89fa7331a9f6d54bf777d8d95b2efbde18bc2e8fcba1dbcc76ee5a52,False,ok
https://poki2.online/games/deathsoul/,200,https://poki2.online/games/deathsoul/,61dc07fc89fa7331a9f6d54bf777d8d95b2efbde18bc2e8fcba1dbcc76ee5a52,False,ok
https://poki2.online/games/donteattrash/,200,https://poki2.online/games/donteattrash/,61dc07fc89fa7331a9f6d54bf777d8d95b2efbde18bc2e8fcba1dbcc76ee5a52,False,ok
https://poki2.online/games/dotgame/,200,https://poki2.online/games/dotgame/,61dc07fc89fa7331a9f6d54bf777d8d95b2efbde18bc2e8fcba1dbcc76ee5a52,False,ok
https://poki2.online/games/dropcircle/,200,https://poki2.online/games/dropcircle/,61dc07fc89fa7331a9f6d54bf777d8d95b2efbde18bc2e8fcba1dbcc76ee5a52,False,ok
https://poki2.online/games/duckwater/,200,https://poki2.online/games/duckwater/,61dc07fc89fa7331a9f6d54bf777d8d95b2efbde18bc2e8fcba1dbcc76ee5a52,False,ok
https://poki2.online/games/elmore/,200,https://poki2.online/games/elmore/,61dc07fc89fa7331a9f6d54bf777d8d95b2efbde18bc2e8fcba1dbcc76ee5a52,False,ok
https://poki2.online/games/escape/,200,https://poki2.online/games/escape/,61dc07fc89fa7331a9f6d54bf777d8d95b2efbde18bc2e8fcba1dbcc76ee5a52,False,ok
https://poki2.online/games/evilrobot/,200,https://poki2.online/games/evilrobot/,61dc07fc89fa7331a9f6d54bf777d8d95b2efbde18bc2e8fcba1dbcc76ee5a52,False,ok
https://poki2.online/games/evilwyrm/,200,https://poki2.online/games/evilwyrm/,61dc07fc89fa7331a9f6d54bf777d8d95b2efbde18bc2e8fcba1dbcc76ee5a52,False,ok
https://poki2.online/games/fastgame/,200,https://poki2.online/games/fastgame/,61dc07fc89fa7331a9f6d54bf777d8d95b2efbde18bc2e8fcba1dbcc76ee5a52,False,ok
https://poki2.online/games/firebrigade/,200,https://poki2.online/games/firebrigade/,61dc07fc89fa7331a9f6d54bf777d8d95b2efbde18bc2e8fcba1dbcc76ee5a52,False,ok
https://poki2.online/games/fishingfrenzy/,200,https://poki2.online/games/fishingfrenzy/,61dc07fc89fa7331a9f6d54bf777d8d95b2efbde18bc2e8fcba1dbcc76ee5a52,False,ok
https://poki2.online/games/flapcatcopters/,200,https://poki2.online/games/flapcatcopters/,61dc07fc89fa7331a9f6d54bf777d8d95b2efbde18bc2e8fcba1dbcc76ee5a52,False,ok
https://poki2.online/games/flapcatxmas/,200,https://poki2.online/games/flapcatxmas/,61dc07fc89fa7331a9f6d54bf777d8d95b2efbde18bc2e8fcba1dbcc76ee5a52,False,ok
https://poki2.online/games/flappydog/,200,https://poki2.online/games/flappydog/,61dc07fc89fa7331a9f6d54bf777d8d95b2efbde18bc2e8fcba1dbcc76ee5a52,False,ok
https://poki2.online/games/flyingschool/,200,https://poki2.online/games/flyingschool/,61dc07fc89fa7331a9f6d54bf777d8d95b2efbde18bc2e8fcba1dbcc76ee5a52,False,ok
https://poki2.online/games/foofoo/,200,https://poki2.online/games/foofoo/,61dc07fc89fa7331a9f6d54bf777d8d95b2efbde18bc2e8fcba1dbcc76ee5a52,False,ok
https://poki2.online/games/foxfury/,200,https://poki2.online/games/foxfury/,61dc07fc89fa7331a9f6d54bf777d8d95b2efbde18bc2e8fcba1dbcc76ee5a52,False,ok
https://poki2.online/games/freedomroad/,200,https://poki2.online/games/freedomroad/,61dc07fc89fa7331a9f6d54bf777d8d95b2efbde18bc2e8fcba1dbcc76ee5a52,False,ok
https://poki2.online/games/frog/,200,https://poki2.online/games/frog/,61dc07fc89fa7331a9f6d54bf777d8d95b2efbde18bc2e8fcba1dbcc76ee5a52,False,ok
https://poki2.online/games/fullimmersion/,200,https://poki2.online/games/fullimmersion/,61dc07fc89fa7331a9f6d54bf777d8d95b2efbde18bc2e8fcba1dbcc76ee5a52,False,ok
https://poki2.online/games/funnysoccer/,200,https://poki2.online/games/funnysoccer/,61dc07fc89fa7331a9f6d54bf777d8d95b2efbde18bc2e8fcba1dbcc76ee5a52,False,ok
https://poki2.online/games/gettwelve/,200,https://poki2.online/games/gettwelve/,61dc07fc89fa7331a9f6d54bf777d8d95b2efbde18bc2e8fcba1dbcc76ee5a52,False,ok
https://poki2.online/games/goblinmachine/,200,https://poki2.online/games/goblinmachine/,61dc07fc89fa7331a9f6d54bf777d8d95b2efbde18bc2e8fcba1dbcc76ee5a52,False,ok
https://poki2.online/games/gofishing/,200,https://poki2.online/games/gofishing/,61dc07fc89fa7331a9f6d54bf777d8d95b2efbde18bc2e8fcba1dbcc76ee5a52,False,ok
https://poki2.online/games/goingnuts/,200,https://poki2.online/games/goingnuts/,61dc07fc89fa7331a9f6d54bf777d8d95b2efbde18bc2e8fcba1dbcc76ee5a52,False,ok
https://poki2.online/games/greedygnomes/,200,https://poki2.online/games/greedygnomes/,61dc07fc89fa7331a9f6d54bf777d8d95b2efbde18bc2e8fcba1dbcc76ee5a52,False,ok
https://poki2.online/games/greenwings/,200,https://poki2.online/games/greenwings/,61dc07fc89fa7331a9f6d54bf777d8d95b2efbde18bc2e8fcba1dbcc76ee5a52,False,ok
https://poki2.online/games/groovyski/,200,https://poki2.online/games/groovyski/,61dc07fc89fa7331a9f6d54bf777d8d95b2efbde18bc2e8fcba1dbcc76ee5a52,False,ok
https://poki2.online/games/grubhub/,200,https://poki2.online/games/grubhub/,61dc07fc89fa7331a9f6d54bf777d8d95b2efbde18bc2e8fcba1dbcc76ee5a52,False,ok
https://poki2.online/games/gumballrace/,200,https://poki2.online/games/gumballrace/,61dc07fc89fa7331a9f6d54bf777d8d95b2efbde18bc2e8fcba1dbcc76ee5a52,False,ok
https://poki2.online/games/hanselandgretel/,200,https://poki2.online/games/hanselandgretel/,61dc07fc89fa7331a9f6d54bf777d8d95b2efbde18bc2e8fcba1dbcc76ee5a52,False,ok
https://poki2.online/games/herojump/,200,https://poki2.online/games/herojump/,61dc07fc89fa7331a9f6d54bf777d8d95b2efbde18bc2e8fcba1dbcc76ee5a52,False,ok
https://poki2.online/games/hidden/,200,https://poki2.online/games/hidden/,61dc07fc89fa7331a9f6d54bf777d8d95b2efbde18bc2e8fcba1dbcc76ee5a52,False,ok
https://poki2.online/games/hungrybob/,200,https://poki2.online/games/hungrybob/,61dc07fc89fa7331a9f6d54bf777d8d95b2efbde18bc2e8fcba1dbcc76ee5a52,False,ok
https://poki2.online/games/icecream/,200,https://poki2.online/games/icecream/,61dc07fc89fa7331a9f6d54bf777d8d95b2efbde18bc2e8fcba1dbcc76ee5a52,False,ok
https://poki2.online/games/jellydoods/,200,https://poki2.online/games/jellydoods/,61dc07fc89fa7331a9f6d54bf777d8d95b2efbde18bc2e8fcba1dbcc76ee5a52,False,ok
https://poki2.online/games/jellyslice/,200,https://poki2.online/games/jellyslice/,61dc07fc89fa7331a9f6d54bf777d8d95b2efbde18bc2e8fcba1dbcc76ee5a52,False,ok
https://poki2.online/games/jomjom/,200,https://poki2.online/games/jomjom/,61dc07fc89fa7331a9f6d54bf777d8d95b2efbde18bc2e8fcba1dbcc76ee5a52,False,ok
https://poki2.online/games/jumpkitty/,200,https://poki2.online/games/jumpkitty/,61dc07fc89fa7331a9f6d54bf777d8d95b2efbde18bc2e8fcba1dbcc76ee5a52,False,ok
https://poki2.online/games/jumpman/,200,https://poki2.online/games/jumpman/,61dc07fc89fa7331a9f6d54bf777d8d95b2efbde18bc2e8fcba1dbcc76ee5a52,False,ok
https://poki2.online/games/jumppydog/,200,https://poki2.online/games/jumppydog/,61dc07fc89fa7331a9f6d54bf777d8d95b2efbde18bc2e8fcba1dbcc76ee5a52,False,ok
https://poki2.online/games/jumppydragon/,200,https://poki2.online/games/jumppydragon/,61dc07fc89fa7331a9f6d54bf777d8d95b2efbde18bc2e8fcba1dbcc76ee5a52,False,ok
https://poki2.online/games/knightnday/,200,https://poki2.online/games/knightnday/,61dc07fc89fa7331a9f6d54bf777d8d95b2efbde18bc2e8fcba1dbcc76ee5a52,False,ok
https://poki2.online/games/lizardrocket/,200,https://poki2.online/games/lizardrocket/,61dc07fc89fa7331a9f6d54bf777d8d95b2efbde18bc2e8fcba1dbcc76ee5a52,False,ok
https://poki2.online/games/looneyroonks/,200,https://poki2.online/games/looneyroonks/,61dc07fc89fa7331a9f6d54bf777d8d95b2efbde18bc2e8fcba1dbcc76ee5a52,False,ok
https://poki2.online/games/manic/,200,https://poki2.online/games/manic/,61dc07fc89fa7331a9f6d54bf777d8d95b2efbde18bc2e8fcba1dbcc76ee5a52,False,ok
https://poki2.online/games/matchtime/,200,https://poki2.online/games/matchtime/,61dc07fc89fa7331a9f6d54bf777d8d95b2efbde18bc2e8fcba1dbcc76ee5a52,False,ok
https://poki2.online/games/mathgame/,200,https://poki2.online/games/mathgame/,61dc07fc89fa7331a9f6d54bf777d8d95b2efbde18bc2e8fcba1dbcc76ee5a52,False,ok
https://poki2.online/games/monstercandy/,200,https://poki2.online/games/monstercandy/,61dc07fc89fa7331a9f6d54bf777d8d95b2efbde18bc2e8fcba1dbcc76ee5a52,False,ok
https://poki2.online/games/monstereater/,200,https://poki2.online/games/monstereater/,61dc07fc89fa7331a9f6d54bf777d8d95b2efbde18bc2e8fcba1dbcc76ee5a52,False,ok
https://poki2.online/games/mousejump/,200,https://poki2.online/games/mousejump/,61dc07fc89fa7331a9f6d54bf777d8d95b2efbde18bc2e8fcba1dbcc76ee5a52,False,ok
https://poki2.online/games/nest/,200,https://poki2.online/games/nest/,61dc07fc89fa7331a9f6d54bf777d8d95b2efbde18bc2e8fcba1dbcc76ee5a52,False,ok
https://poki2.online/games/ninjarun/,200,https://poki2.online/games/ninjarun/,61dc07fc89fa7331a9f6d54bf777d8d95b2efbde18bc2e8fcba1dbcc76ee5a52,False,ok
https://poki2.online/games/ninjaway/,200,https://poki2.online/games/ninjaway/,61dc07fc89fa7331a9f6d54bf777d8d95b2efbde18bc2e8fcba1dbcc76ee5a52,False,ok
https://poki2.online/games/ojelloonline/,200,https://poki2.online/games/ojelloonline/,61dc07fc89fa7331a9f6d54bf777d8d95b2efbde18bc2e8fcba1dbcc76ee5a52,False,ok
https://poki2.online/games/pacman/,200,https://poki2.online/games/pacman/,61dc07fc89fa7331a9f6d54bf777d8d95b2efbde18bc2e8fcba1dbcc76ee5a52,False,ok
https://poki2.online/games/pancakeboss/,200,https://poki2.online/games/pancakeboss/,61dc07fc89fa7331a9f6d54bf777d8d95b2efbde18bc2e8fcba1dbcc76ee5a52,False,ok
https://poki2.online/games/pandaflash/,200,https://poki2.online/games/pandaflash/,61dc07fc89fa7331a9f6d54bf777d8d95b2efbde18bc2e8fcba1dbcc76ee5a52,False,ok
https://poki2.online/games/pebbleboy/,200,https://poki2.online/games/pebbleboy/,61dc07fc89fa7331a9f6d54bf777d8d95b2efbde18bc2e8fcba1dbcc76ee5a52,False,ok
https://poki2.online/games/penguin/,200,https://poki2.online/games/penguin/,61dc07fc89fa7331a9f6d54bf777d8d95b2efbde18bc2e8fcba1dbcc76ee5a52,False,ok
https://poki2.online/games/pieattack/,200,https://poki2.online/games/pieattack/,61dc07fc89fa7331a9f6d54bf777d8d95b2efbde18bc2e8fcba1dbcc76ee5a52,False,ok
https://poki2.online/games/pigeon/,200,https://poki2.online/games/pigeon/,61dc07fc89fa7331a9f6d54bf777d8d95b2efbde18bc2e8fcba1dbcc76ee5a52,False,ok
https://poki2.online/games/piggyroll/,200,https://poki2.online/games/piggyroll/,61dc07fc89fa7331a9f6d54bf777d8d95b2efbde18bc2e8fcba1dbcc76ee5a52,False,ok
https://poki2.online/games/piratekid/,200,https://poki2.online/games/piratekid/,61dc07fc89fa7331a9f6d54bf777d8d95b2efbde18bc2e8fcba1dbcc76ee5a52,False,ok
https://poki2.online/games/pitana/,200,https://poki2.online/games/pitana/,61dc07fc89fa7331a9f6d54bf777d8d95b2efbde18bc2e8fcba1dbcc76ee5a52,False,ok
https://poki2.online/games/popup/,200,https://poki2.online/games/popup/,61dc07fc89fa7331a9f6d54bf777d8d95b2efbde18bc2e8fcba1dbcc76ee5a52,False,ok
https://poki2.online/games/portalrunner/,200,https://poki2.online/games/portalrunner/,61dc07fc89fa7331a9f6d54bf777d8d95b2efbde18bc2e8fcba1dbcc76ee5a52,False,ok
https://poki2.online/games/pyramidjump/,200,https://poki2.online/games/pyramidjump/,61dc07fc89fa7331a9f6d54bf777d8d95b2efbde18bc2e8fcba1dbcc76ee5a52,False,ok
https://poki2.online/games/raccoonrun/,200,https://poki2.online/games/raccoonrun/,61dc07fc89fa7331a9f6d54bf777d8d95b2efbde18bc2e8fcba1dbcc76ee5a52,False,ok
https://poki2.online/games/rainbox/,200,https://poki2.online/games/rainbox/,61dc07fc89fa7331a9f6d54bf777d8d95b2efbde18bc2e8fcba1dbcc76ee5a52,False,ok
https://poki2.online/games/rapunzel/,200,https://poki2.online/games/rapunzel/,61dc07fc89fa7331a9f6d54bf777d8d95b2efbde18bc2e8fcba1dbcc76ee5a52,False,ok
https://poki2.online/games/rectangzings/,200,https://poki2.online/games/rectangzings/,61dc07fc89fa7331a9f6d54bf777d8d95b2efbde18bc2e8fcba1dbcc76ee5a52,False,ok
https://poki2.online/games/robotion/,200,https://poki2.online/games/robotion/,61dc07fc89fa7331a9f6d54bf777d8d95b2efbde18bc2e8fcba1dbcc76ee5a52,False,ok
https://poki2.online/games/rocketpop/,200,https://poki2.online/games/rocketpop/,61dc07fc89fa7331a9f6d54bf777d8d95b2efbde18bc2e8fcba1dbcc76ee5a52,False,ok
https://poki2.online/games/ropeninja/,200,https://poki2.online/games/ropeninja/,61dc07fc89fa7331a9f6d54bf777d8d95b2efbde18bc2e8fcba1dbcc76ee5a52,False,ok
https://poki2.online/games/runpixierun/,200,https://poki2.online/games/runpixierun/,61dc07fc89fa7331a9f6d54bf777d8d95b2efbde18bc2e8fcba1dbcc76ee5a52,False,ok
https://poki2.online/games/sallybbq/,200,https://poki2.online/games/sallybbq/,61dc07fc89fa7331a9f6d54bf777d8d95b2efbde18bc2e8fcba1dbcc76ee5a52,False,ok
https://poki2.online/games/skylands/,200,https://poki2.online/games/skylands/,61dc07fc89fa7331a9f6d54bf777d8d95b2efbde18bc2e8fcba1dbcc76ee5a52,False,ok
https://poki2.online/games/skyrace/,200,https://poki2.online/games/skyrace/,61dc07fc89fa7331a9f6d54bf777d8d95b2efbde18bc2e8fcba1dbcc76ee5a52,False,ok
https://poki2.online/games/skywire/,200,https://poki2.online/games/skywire/,61dc07fc89fa7331a9f6d54bf777d8d95b2efbde18bc2e8fcba1dbcc76ee5a52,False,ok
https://poki2.online/games/slotchicken/,200,https://poki2.online/games/slotchicken/,61dc07fc89fa7331a9f6d54bf777d8d95b2efbde18bc2e8fcba1dbcc76ee5a52,False,ok
https://poki2.online/games/sortbird/,200,https://poki2.online/games/sortbird/,61dc07fc89fa7331a9f6d54bf777d8d95b2efbde18bc2e8fcba1dbcc76ee5a52,False,ok
https://poki2.online/games/springninja/,200,https://poki2.online/games/springninja/,61dc07fc89fa7331a9f6d54bf777d8d95b2efbde18bc2e8fcba1dbcc76ee5a52,False,ok
https://poki2.online/games/squarecrush/,200,https://poki2.online/games/squarecrush/,61dc07fc89fa7331a9f6d54bf777d8d95b2efbde18bc2e8fcba1dbcc76ee5a52,False,ok
https://poki2.online/games/stevenkash/,200,https://poki2.online/games/stevenkash/,61dc07fc89fa7331a9f6d54bf777d8d95b2efbde18bc2e8fcba1dbcc76ee5a52,False,ok
https://poki2.online/games/stickpanda/,200,https://poki2.online/games/stickpanda/,61dc07fc89fa7331a9f6d54bf777d8d95b2efbde18bc2e8fcba1dbcc76ee5a52,False,ok
https://poki2.online/games/stickpandaxmas/,200,https://poki2.online/games/stickpandaxmas/,61dc07fc89fa7331a9f6d54bf777d8d95b2efbde18bc2e8fcba1dbcc76ee5a52,False,ok
https://poki2.online/games/sticksamurai/,200,https://poki2.online/games/sticksamurai/,61dc07fc89fa7331a9f6d54bf777d8d95b2efbde18bc2e8fcba1dbcc76ee5a52,False,ok
https://poki2.online/games/stickygoo/,200,https://poki2.online/games/stickygoo/,61dc07fc89fa7331a9f6d54bf777d8d95b2efbde18bc2e8fcba1dbcc76ee5a52,False,ok
https://poki2.online/games/strangespace/,200,https://poki2.online/games/strangespace/,61dc07fc89fa7331a9f6d54bf777d8d95b2efbde18bc2e8fcba1dbcc76ee5a52,False,ok
https://poki2.online/games/taptapsubmarine/,200,https://poki2.online/games/taptapsubmarine/,61dc07fc89fa7331a9f6d54bf777d8d95b2efbde18bc2e8fcba1dbcc76ee5a52,False,ok
https://poki2.online/games/targetap/,200,https://poki2.online/games/targetap/,61dc07fc89fa7331a9f6d54bf777d8d95b2efbde18bc2e8fcba1dbcc76ee5a52,False,ok
https://poki2.online/games/titanrunner/,200,https://poki2.online/games/titanrunner/,61dc07fc89fa7331a9f6d54bf777d8d95b2efbde18bc2e8fcba1dbcc76ee5a52,False,ok
https://poki2.online/games/tooncup/,200,https://poki2.online/games/tooncup/,61dc07fc89fa7331a9f6d54bf777d8d95b2efbde18bc2e8fcba1dbcc76ee5a52,False,ok
https://poki2.online/games/trailblazer/,200,https://poki2.online/games/trailblazer/,61dc07fc89fa7331a9f6d54bf777d8d95b2efbde18bc2e8fcba1dbcc76ee5a52,False,ok
https://poki2.online/games/trashndash/,200,https://poki2.online/games/trashndash/,61dc07fc89fa7331a9f6d54bf777d8d95b2efbde18bc2e8fcba1dbcc76ee5a52,False,ok
https://poki2.online/games/trollboxing/,200,https://poki2.online/games/trollboxing/,61dc07fc89fa7331a9f6d54bf777d8d95b2efbde18bc2e8fcba1dbcc76ee5a52,False,ok
https://poki2.online/games/uforun/,200,https://poki2.online/games/uforun/,61dc07fc89fa7331a9f6d54bf777d8d95b2efbde18bc2e8fcba1dbcc76ee5a52,False,ok
https://poki2.online/games/veggirabbit/,200,https://poki2.online/games/veggirabbit/,61dc07fc89fa7331a9f6d54bf777d8d95b2efbde18bc2e8fcba1dbcc76ee5a52,False,ok
https://poki2.online/games/woodblock/,200,https://poki2.online/games/woodblock/,61dc07fc89fa7331a9f6d54bf777d8d95b2efbde18bc2e8fcba1dbcc76ee5a52,False,ok
https://poki2.online/games/xtypesky/,200,https://poki2.online/games/xtypesky/,61dc07fc89fa7331a9f6d54bf777d8d95b2efbde18bc2e8fcba1dbcc76ee5a52,False,ok
https://poki2.online/games/zapaliens/,200,https://poki2.online/games/zapaliens/,61dc07fc89fa7331a9f6d54bf777d8d95b2efbde18bc2e8fcba1dbcc76ee5a52,False,ok
https://poki2.online/games/zombienight/,200,https://poki2.online/games/zombienight/,61dc07fc89fa7331a9f6d54bf777d8d95b2efbde18bc2e8fcba1dbcc76ee5a52,False,ok
https://poki2.online/games/zombieworld/,200,https://poki2.online/games/zombieworld/,61dc07fc89fa7331a9f6d54bf777d8d95b2efbde18bc2e8fcba1dbcc76ee5a52,False,ok
https://poki2.online/games/zoostuner/,200,https://poki2.online/games/zoostuner/,61dc07fc89fa7331a9f6d54bf777d8d95b2efbde18bc2e8fcba1dbcc76ee5a52,False,ok
